catagory,name,img source,price
SAMSUNG,https://bigpasal.com/wp-content/uploads/2021/05/lcd_with_touch_screen_for_samsung_galaxy_a10_black_by_maxbhi_com_25343-300x300.jpg,Samsung Galaxy A10 LCD Display with Touch Screen,₨ 1.00
SAMSUNG,https://bigpasal.com/wp-content/uploads/2021/05/lcd_with_touch_screen_for_samsung_galaxy_a2_core_black_by_maxbhi_com_92275-300x300.jpg,Samsung Galaxy A2 Core Phone Display LCD with Touch Screen,₨ 1.00
SAMSUNG,https://bigpasal.com/wp-content/uploads/2021/05/lcd_with_touch_screen_for_samsung_galaxy_a20_black_by_maxbhi_com_61473-300x300.jpg,Samsung Galaxy A20 LCD Display with Touch Screen,₨ 1.00
SAMSUNG,https://bigpasal.com/wp-content/uploads/2021/05/lcd_with_touch_screen_for_samsung_galaxy_a3_black_by_maxbhi_com_62519-300x300.jpg,Samsung Galaxy A3 LCD Mobile Display with Touch Screen,₨ 1.00
SAMSUNG,https://bigpasal.com/wp-content/uploads/2021/05/lcd_with_touch_screen_for_samsung_galaxy_a30_black_by_maxbhi_com_61233-300x300.jpg,Samsung Galaxy A30 LCD Display with Touch Screen,₨ 1.00
SAMSUNG,https://bigpasal.com/wp-content/uploads/2021/05/lcd_with_touch_screen_for_samsung_galaxy_a30s_black_by_maxbhi_com_38220-300x300.jpg,Samsung Galaxy A30s LCD with Touch Screen,₨ 1.00
SAMSUNG,https://bigpasal.com/wp-content/uploads/2021/05/lcd_with_touch_screen_for_samsung_galaxy_a5_2016_black_by_maxbhi_com_50917-300x300.jpg,Samsung Galaxy A5 2016 LCD with Touch Screen,₨ 1.00
SAMSUNG,https://bigpasal.com/wp-content/uploads/2021/05/lcd_with_touch_screen_for_samsung_galaxy_a5_duos_black_by_maxbhi_com_66714-300x300.jpg,Samsung Galaxy A5 SM-A500G Duos LCD Display Touch Screen,₨ 1.00
SAMSUNG,https://bigpasal.com/wp-content/uploads/2021/05/lcd_with_touch_screen_for_samsung_galaxy_a5_sma500g_black_by_maxbhi_com_97867-300x300.jpg,Samsung Galaxy A5 SM-A500G LCD Display with Touch Screen,₨ 1.00
SAMSUNG,https://bigpasal.com/wp-content/uploads/2021/05/lcd_with_touch_screen_for_samsung_galaxy_a50_blue_by_maxbhi_com_401-300x300.jpg,Samsung Galaxy A50 Display LCD with Touch Screen,₨ 1.00
SAMSUNG,https://bigpasal.com/wp-content/uploads/2021/05/lcd_with_touch_screen_for_samsung_galaxy_a50s_black_by_maxbhi_com_99753-300x300.jpg,Samsung Galaxy A50s LCD with Touch Screen,₨ 1.00
SAMSUNG,https://bigpasal.com/wp-content/uploads/2021/05/lcd_with_touch_screen_for_samsung_galaxy_a6_2018_black_by_maxbhi_com_24946-300x300.jpg,Samsung Galaxy A6 2018 LCD Display with Touch Screen,₨ 1.00
SAMSUNG,https://bigpasal.com/wp-content/uploads/2021/05/lcd_with_touch_screen_for_samsung_galaxy_a6_plus_2018_blue_by_maxbhi_com_28986-300x300.jpg,Samsung Galaxy A6 Plus (2018) LCD Display with Touch Screen,₨ 1.00
SAMSUNG,https://bigpasal.com/wp-content/uploads/2021/05/lcd_with_touch_screen_for_samsung_galaxy_a7_2016_black_by_maxbhi_com_38699-300x300.jpg,Samsung Galaxy A7 2016 LCD Display with Touch Screen,₨ 1.00
SAMSUNG,https://bigpasal.com/wp-content/uploads/2021/05/lcd_with_touch_screen_for_samsung_galaxy_a7_2017_black_by_maxbhi_com_54543-300x300.jpg,Samsung Galaxy A7 2017 LCD with Touch Screen,₨ 1.00
SAMSUNG,https://bigpasal.com/wp-content/uploads/2021/05/lcd_with_touch_screen_for_samsung_galaxy_a7_2018_blue_by_maxbhi_com_84138-300x300.jpg,Samsung Galaxy A7 2018 LCD with Touch Screen,₨ 1.00
,https://bigpasal.com/wp-content/uploads/2021/05/lcd_with_touch_screen_for_oneplus_2_16gb_black_by_maxbhi_com_59336-300x300.jpg,OnePlus 2 16GB LCD Mobile Phone Touch Screen Display,₨ 10.00
ONE PLUS,https://bigpasal.com/wp-content/uploads/2021/05/lcd_with_touch_screen_for_oneplus_3_black_by_maxbhi_com_9608-300x300.jpg,OnePlus 3 Display LCD with Touch Screen,₨ 1.00
ONE PLUS,https://bigpasal.com/wp-content/uploads/2021/05/lcd_with_touch_screen_for_oneplus_3_black_by_maxbhi_com_9608-300x300.jpg,OnePlus 3 Display LCD with Touch Screen,₨ 1.00
ONE PLUS,https://bigpasal.com/wp-content/uploads/2021/05/lcd_with_touch_screen_for_oneplus_5_black_by_maxbhi_com_39551-300x300.jpg,OnePlus 5 LCD Display with Touch Screen,₨ 1.00
ONE PLUS,https://bigpasal.com/wp-content/uploads/2021/05/lcd_with_touch_screen_for_oneplus_5t_black_by_maxbhi_com_74659-300x300.jpg,OnePlus 5T LCD with Touch Screen Mobile Display,₨ 10.00
ONE PLUS,https://bigpasal.com/wp-content/uploads/2021/05/lcd_with_touch_screen_for_oneplus_6_black_by_maxbhi_com_17064-300x300.jpg,OnePlus 6 Display LCD with Touch Screen,₨ 1.00
ONE PLUS,https://bigpasal.com/wp-content/uploads/2021/05/lcd_with_touch_screen_for_oneplus_6_black_by_maxbhi_com_17064-300x300.jpg,OnePlus 6 LCD Display with Touch Screen,₨ 1.00
ONE PLUS,https://bigpasal.com/wp-content/uploads/2021/05/lcd_with_touch_screen_for_oneplus_6t_black_by_maxbhi_com_3662-300x300.jpg,OnePlus 6T LCD Mobile Phone Display Touch Screen repair,₨ 10.00
ONE PLUS,https://bigpasal.com/wp-content/uploads/2021/05/lcd_with_touch_screen_for_oneplus_7_black_by_maxbhi_com_6388-300x300.jpg,OnePlus 7 LCD Display with Touch Screen,₨ 1.00
ONE PLUS,https://bigpasal.com/wp-content/uploads/2021/05/lcd_with_touch_screen_for_oneplus_7_pro_black_by_maxbhi_com_78590-300x300.jpg,OnePlus 7 Pro Display LCD with Touch Screen,₨ 10.00
ONE PLUS,https://bigpasal.com/wp-content/uploads/2021/05/lcd_with_touch_screen_for_oneplus_7t_black_by_maxbhi_com_48882-300x300.jpg,OnePlus 7T Display LCD Touch Screen,₨ 10.00
ONE PLUS,https://bigpasal.com/wp-content/uploads/2021/05/lcd_with_touch_screen_for_oneplus_7t_pro_black_by_maxbhi_com_37835-300x300.jpg,OnePlus 7T Pro LCD Display with Touch Screen,₨ 10.00
ONE PLUS,https://bigpasal.com/wp-content/uploads/2021/05/lcd_with_touch_screen_for_oneplus_8_black_by_maxbhi_com_97728-300x300.jpg,OnePlus 8 LCD Display Price in Nepal with Touch Screen,₨ 10.00
ONE PLUS,https://bigpasal.com/wp-content/uploads/2021/05/lcd_with_touch_screen_for_oneplus_8_pro_black_by_maxbhi_com_67039-300x300.jpg,OnePlus 8 Pro LCD Display with Touch Screen,₨ 10.00
ONE PLUS,https://bigpasal.com/wp-content/uploads/2021/05/lcd_with_touch_screen_for_oneplus_8t_black_by_maxbhi_com_98126-300x300.jpg,OnePlus 8T LCD with Touch Screen,₨ 10.00
ONE PLUS,https://bigpasal.com/wp-content/uploads/2021/05/lcd_with_touch_screen_for_oneplus_nord_black_by_maxbhi_com_63125-300x300.jpg,OnePlus Nord LCD Display with Touch Screen,₨ 10.00
XIAOMI,https://bigpasal.com/wp-content/uploads/2021/05/lcd_with_touch_screen_for_xiaomi_mi_a1_black_by_maxbhi_com_61640-300x300.jpg,Xiaomi Mi A1 LCD with Touch Screen,₨ 1.00
XIAOMI,https://bigpasal.com/wp-content/uploads/2021/05/lcd_with_touch_screen_for_xiaomi_mi_a2_black_by_maxbhi_com_7164-1-300x300.jpg,Xiaomi Mi A2 LCD Display with Touch Screen,₨ 1.00
XIAOMI,https://bigpasal.com/wp-content/uploads/2021/05/mi-a3-300x300.jpg,Xiaomi Mi A2 LCD Display with Touch Screen,₨ 1.00
XIAOMI,https://bigpasal.com/wp-content/uploads/2021/05/lcd_with_touch_screen_for_xiaomi_mi_a3_black_by_maxbhi_com_87057-300x300.jpg,Xiaomi Mi A3 LCD Display with Touch Screen,₨ 1.00
XIAOMI,https://bigpasal.com/wp-content/uploads/2021/05/lcd_with_touch_screen_for_xiaomi_mi_max_2_black_by_maxbhi_com_36255-300x300.jpg,Xiaomi Mi Max 2 LCD with Touch Screen,₨ 1.00
XIAOMI,https://bigpasal.com/wp-content/uploads/2021/05/lcd_with_touch_screen_for_xiaomi_mi4i_black_by_maxbhi_com_92901-300x300.jpg,Xiaomi Mi4i LCD Display with Touch Screen,₨ 1.00
XIAOMI,https://bigpasal.com/wp-content/uploads/2021/05/lcd_with_touch_screen_for_xiaomi_pocophone_f1_black_by_maxbhi_com_98574-300x300.jpg,Xiaomi Pocophone F1 LCD Display with Touch Screen,₨ 1.00
XIAOMI,https://bigpasal.com/wp-content/uploads/2021/05/OIP-2-1-300x300.jpg,Xiaomi readmi 4X LCD Display panel with touch screen,₨ 1.00
XIAOMI,https://bigpasal.com/wp-content/uploads/2021/05/6-53-Original-M-Sen-For-Xiaomi-Redmi-Note-9-M2003J15SG-LCD-Display-Screen-Touch-Screen_q50-1-300x300.jpg,Xiaomi readmi Note 9 LCD Display panel with touch screen,₨ 1.00
XIAOMI,https://bigpasal.com/wp-content/uploads/2021/05/s-l300-1.jpg,Xiaomi readmi Note 9 Pro Display LCD panal with touch screen,₨ 1.00
XIAOMI,https://bigpasal.com/wp-content/uploads/2021/05/OIP-2-300x300.jpg,Xiaomi redmi 10X LCD Display panel with touch screen,₨ 1.00
XIAOMI,https://bigpasal.com/wp-content/uploads/2021/05/lcd_with_touch_screen_for_xiaomi_redmi_1s_black_by_maxbhi_com_40732-300x300.jpg,Xiaomi Redmi 1S Display LCD with Touch Screen,₨ 1.00
XIAOMI,https://bigpasal.com/wp-content/uploads/2021/05/lcd_with_touch_screen_for_xiaomi_redmi_2_black_by_maxbhi_com_2494-1-300x300.jpg,Xiaomi Redmi 2 LCD Display with Touch Screen,₨ 1.00
XIAOMI,https://bigpasal.com/wp-content/uploads/2021/05/lcd_with_touch_screen_for_xiaomi_redmi_2_prime_black_by_maxbhi_com_62091-300x300.jpg,Xiaomi Redmi 2 Prime Display LCD with Touch Screen,₨ 1.00
XIAOMI,https://bigpasal.com/wp-content/uploads/2021/05/lcd_with_touch_screen_for_xiaomi_redmi_3s_prime_gold_by_maxbhi_com_17658-300x300.jpg,Xiaomi Redmi 3S Prime LCD Display with Touch Screen,₨ 1.00
XIAOMI,https://bigpasal.com/wp-content/uploads/2021/05/lcd_with_touch_screen_for_xiaomi_redmi_5_black_by_maxbhi_com_15178-300x300.jpg,Xiaomi Redmi 5 LCD with Touch Screen,₨ 1.00
APPLE,https://bigpasal.com/wp-content/uploads/2021/05/lcd_with_touch_screen_for_apple_iphone_11_black_by_maxbhi_com_33238-300x300.jpg,Apple iPhone 11 LCD Display with Touch Screen,₨ 1.00
APPLE,https://bigpasal.com/wp-content/uploads/2021/05/lcd_with_touch_screen_for_apple_iphone_11_pro_white_by_maxbhi_com_72225-300x300.jpg,Apple iPhone 11 Pro LCD Display with Touch Screen,₨ 1.00
APPLE,https://bigpasal.com/wp-content/uploads/2021/05/lcd_with_touch_screen_for_apple_iphone_11_pro_max_white_by_maxbhi_com_83538-300x300.jpg,Apple iPhone 11 Pro Max LCD with Touch Screen,₨ 1.00
APPLE,https://bigpasal.com/wp-content/uploads/2021/05/lcd_with_touch_screen_for_apple_iphone_4_white_by_maxbhi_com_61050-300x300.jpg,Apple iPhone 4 LCD with Touch Screen,₨ 1.00
APPLE,https://bigpasal.com/wp-content/uploads/2021/05/lcd_with_touch_screen_for_apple_iphone_4s_black_by_maxbhi_com_52930-300x300.jpg,Apple iPhone 4s LCD Display with Touch Screen,₨ 1.00
APPLE,https://bigpasal.com/wp-content/uploads/2021/05/lcd_with_touch_screen_for_apple_iphone_5_black_by_maxbhi_com_36923-300x300.jpg,Apple iPhone 5 LCD with Touch Screen,₨ 1.00
APPLE,https://bigpasal.com/wp-content/uploads/2021/05/lcd_with_touch_screen_for_apple_iphone_5sblack_by_maxbhi_com_6898-300x300.jpg,Apple iPhone 5s LCD Display Touch Screen,₨ 1.00
APPLE,https://bigpasal.com/wp-content/uploads/2021/05/lcd_with_touch_screen_for_apple_iphone_6_64gb_black_by_maxbhi_com_51168-1-300x300.jpg,Apple iPhone 6 64GB LCD with Touch Screen,₨ 1.00
APPLE,https://bigpasal.com/wp-content/uploads/2021/05/lcd_with_touch_screen_for_apple_iphone_6_64gb_black_by_maxbhi_com_51168-300x300.jpg,Apple iPhone 6 LCD with Touch Screen,₨ 1.00
APPLE,https://bigpasal.com/wp-content/uploads/2021/05/lcd_with_touch_screen_for_apple_iphone_6s_white_by_maxbhi_com_60585-300x300.jpg,Apple iPhone 6s LCD Display with Touch Screen,₨ 1.00
APPLE,https://bigpasal.com/wp-content/uploads/2021/05/lcd_with_touch_screen_for_apple_iphone_7_black_by_maxbhi_com_15843-300x300.jpg,Apple iPhone 7 LCD Display Touch Screen,₨ 1.00
APPLE,https://bigpasal.com/wp-content/uploads/2021/05/lcd_with_touch_screen_for_apple_iphone_7_plus_black_by_maxbhi_com_32381-300x300.jpg,Apple iPhone 7 Plus LCD Display with Touch Screen,₨ 1.00
APPLE,https://bigpasal.com/wp-content/uploads/2021/05/lcd_with_touch_screen_for_apple_iphone_8_black_by_maxbhi_com_1345-300x300.jpg,Apple iPhone 8 Display LCD with Touch Screen,₨ 1.00
APPLE,https://bigpasal.com/wp-content/uploads/2021/05/lcd_with_touch_screen_for_apple_iphone_8_plus_silver_by_maxbhi_com_76298-300x300.jpg,Apple iPhone 8 Plus Display LCD with Touch Screen,₨ 1.00
APPLE,https://bigpasal.com/wp-content/uploads/2021/05/lcd_with_touch_screen_for_apple_iphone_se_black_by_maxbhi_com_15255-300x300.jpg,Apple iPhone SE Display LCD with Touch Screen,₨ 1.00
APPLE,https://bigpasal.com/wp-content/uploads/2021/05/lcd_with_touch_screen_for_apple_iphone_x_256gb_black_by_maxbhi_com_27876-300x300.jpg,Apple iPhone X 256GB LCD Display with Touch Screen,₨ 1.00
OPPO,https://bigpasal.com/wp-content/uploads/2021/05/lcd_with_touch_screen_for_oppo_a12_black_by_maxbhi_com_51610-300x300.jpg,Oppo A12 LCD with Touch Screen – Black (display glass combo folder),₨ 10.00
OPPO,https://bigpasal.com/wp-content/uploads/2021/05/lcd_with_touch_screen_for_oppo_a1k_black_by_maxbhi_com_7378-300x300.jpg,Oppo A1K Display LCD with Touch Screen – Black (glass combo folder),₨ 10.00
OPPO,https://bigpasal.com/wp-content/uploads/2021/05/lcd_with_touch_screen_for_oppo_a31_2020_white_by_maxbhi_com_79204-300x300.jpg,OPPO A31 2020 LCD mobile display with Touch Screen,₨ 1.00
OPPO,https://bigpasal.com/wp-content/uploads/2021/05/lcd_with_touch_screen_for_oppo_a31_2020_white_by_maxbhi_com_79204-1-300x300.jpg,OPPO A31 2020 LCD with Touch Screen,₨ 1.00
OPPO,https://bigpasal.com/wp-content/uploads/2021/05/lcd_with_touch_screen_for_oppo_a33_black_by_maxbhi_com_20282-300x300.jpg,Oppo A33 Mobile Phone Display LCD with Touch Screen,₨ 1.00
OPPO,https://bigpasal.com/wp-content/uploads/2021/05/lcd_with_touch_screen_for_oppo_a37_black_by_maxbhi_com_98770-300x300.jpg,Oppo A37 LCD Display with Touch Screen,₨ 1.00
OPPO,https://bigpasal.com/wp-content/uploads/2021/05/lcd_with_touch_screen_for_oppo_a3s_black_by_maxbhi_com_3205-300x300.jpg,Oppo A3s LCD with Touch Screen,₨ 1.00
OPPO,https://bigpasal.com/wp-content/uploads/2021/05/lcd_with_touch_screen_for_oppo_a5_black_by_maxbhi_com_84809-300x300.jpg,Oppo A5 LCD with Touch Screen,₨ 1.00
OPPO,https://bigpasal.com/wp-content/uploads/2021/05/lcd_with_touch_screen_for_oppo_a53_2020_white_by_maxbhi_com_75592-300x300.jpg,Oppo A53 2020 LCD with Touch Screen – White (display glass combo folder),₨ 10.00
OPPO,https://bigpasal.com/wp-content/uploads/2021/05/lcd_with_touch_screen_for_oppo_a57_black_by_maxbhi_com_43583-300x300.jpg,Oppo A57 LCD with Touch Screen – Black (display glass combo folder),₨ 10.00
OPPO,https://bigpasal.com/wp-content/uploads/2021/05/lcd_with_touch_screen_for_oppo_a5s_ax5s_black_by_maxbhi_com_99447-300x300.jpg,Oppo A5s – AX5s LCD with Touch Screen,₨ 1.00
OPPO,https://bigpasal.com/wp-content/uploads/2021/05/lcd_with_touch_screen_for_oppo_a7_white_by_maxbhi_com_74875-300x300.jpg,Oppo A7 LCD with Touch Screen,₨ 1.00
OPPO,https://bigpasal.com/wp-content/uploads/2021/05/lcd_with_touch_screen_for_oppo_a71_black_by_maxbhi_com_72317-300x300.jpg,Oppo A71 LCD Display Screen – Black (folder),₨ 10.00
OPPO,https://bigpasal.com/wp-content/uploads/2021/05/lcd_with_touch_screen_for_oppo_a83_white_by_maxbhi_com_95697-300x300.jpg,Oppo A83 LCD Display with Touch Screen,₨ 1.00
OPPO,https://bigpasal.com/wp-content/uploads/2021/05/lcd_with_touch_screen_for_oppo_a9_2020_black_by_maxbhi_com_26849-300x300.jpg,Oppo A9 2020 LCD with Touch Screen – Black (display glass combo folder),₨ 10.00
OPPO,https://bigpasal.com/wp-content/uploads/2021/05/lcd_with_touch_screen_for_oppo_a9_black_by_maxbhi_com_87397-300x300.jpg,Oppo A9 LCD with Touch Screen – Black (display glass combo folder),₨ 10.00
HUAWEI,https://bigpasal.com/wp-content/uploads/2021/05/lcd_with_touch_screen_for_huawei_honor_7a_black_by_maxbhi_com_15920-300x300.jpg,Honor 7A Display LCD with Touch Screen,₨ 1.00
HUAWEI,https://bigpasal.com/wp-content/uploads/2021/05/lcd_with_touch_screen_for_honor_7x_blue_by_maxbhi_com_15467-300x300.jpg,Honor 7X LCD Display with Touch Screen,₨ 1.00
HUAWEI,https://bigpasal.com/wp-content/uploads/2021/05/lcd_with_touch_screen_for_honor_8_lite_blue_by_maxbhi_com_46206-300x300.jpg,Honor 8 Lite LCD Display with Touch Screen,₨ 1.00
HUAWEI,https://bigpasal.com/wp-content/uploads/2021/05/lcd_with_touch_screen_for_honor_9_lite_blue_by_maxbhi_com_47356-300x300.jpg,Honor 9 Lite LCD Display with Touch Screen,₨ 1.00
HUAWEI,https://bigpasal.com/wp-content/uploads/2021/05/lcd_with_touch_screen_for_honor_9i_black_by_maxbhi_com_46772-300x300.jpg,Honor 9i Display LCD with Phone Touch Screen,₨ 1.00
HUAWEI,https://bigpasal.com/wp-content/uploads/2021/05/lcd_with_touch_screen_for_honor_9n_black_by_maxbhi_com_14132-300x300.jpg,Honor 9N LCD Display with Touch Screen,₨ 1.00
HUAWEI,https://bigpasal.com/wp-content/uploads/2021/05/lcd_with_touch_screen_for_huawei_ascend_g7l01_white_by_maxbhi_com_68735-300x300.jpg,Huawei Ascend G7-L01 LCD Display Touch Screen,₨ 10.00
HUAWEI,https://bigpasal.com/wp-content/uploads/2021/05/lcd_with_touch_screen_for_huawei_ascend_p7_black_by_maxbhi_com_89656-300x300.jpg,Huawei Ascend P7 Display LCD Touch Screen,₨ 10.00
HUAWEI,https://bigpasal.com/wp-content/uploads/2021/05/lcd_with_touch_screen_for_huawei_ascend_y520_black_by_maxbhi.com_33127-1-300x300.jpg,Huawei Ascend Y520-U22 LCD Display with Touch Screen,₨ 10.00
HUAWEI,https://bigpasal.com/wp-content/uploads/2021/05/lcd_with_touch_screen_for_huawei_ascend_y520_black_by_maxbhi.com_33127-300x300.jpg,Huawei Ascend Y520-U22 LCD with Touch Screen,₨ 10.00
HUAWEI,https://bigpasal.com/wp-content/uploads/2021/05/lcd_with_touch_screen_for_huawei_honor_10_black_by_maxbhi_com_66695-300x300.jpg,Huawei Honor 10 Display LCD Folder Screen – Black,₨ 10.00
HUAWEI,https://bigpasal.com/wp-content/uploads/2021/05/lcd_with_touch_screen_for_huawei_honor_10_lite_black_by_maxbhi_com_35177-300x300.jpg,Huawei Honor 10 Lite LCD with Touch Screen – Black (display glass combo folder),₨ 10.00
HUAWEI,https://bigpasal.com/wp-content/uploads/2021/05/lcd_with_touch_screen_for_huawei_honor_4c_black_by_maxbhi_com_29328-300x300.jpg,Huawei Honor 4C Display LCD with Touch Screen,₨ 10.00
HUAWEI,https://bigpasal.com/wp-content/uploads/2021/05/lcd_with_touch_screen_for_huawei_honor_4x_black_by_maxbhi_com_14051-300x300.jpg,Huawei Honor 4X Display LCD with Touch Screen,₨ 10.00
HUAWEI,https://bigpasal.com/wp-content/uploads/2021/05/lcd_with_touch_screen_for_huawei_honor_5x_white_by_maxbhi_com_61728-300x300.jpg,Huawei Honor 5X Display LCD Touch Screen,₨ 10.00
HUAWEI,https://bigpasal.com/wp-content/uploads/2021/05/lcd_with_touch_screen_for_huawei_honor_6_black_by_maxbhi_com_40025-300x300.jpg,Huawei Honor 6 LCD Touch Screen Mobile Phone Display,₨ 10.00
VIVO,https://bigpasal.com/wp-content/uploads/2021/05/lcd_with_touch_screen_for_huawei_y9_2019_black_by_maxbhi_com_12214-300x300.jpg,Huawei Y9 2019 Display LCD with Touch Screen,₨ 1.00
VIVO,https://bigpasal.com/wp-content/uploads/2021/05/lcd_with_touch_screen_for_samsung_i9500_galaxy_s4_black_by_maxbhi_com_95639-300x300.jpg,Samsung I9500 Galaxy S4 LCD with Touch Screen,₨ 1.00
VIVO,https://bigpasal.com/wp-content/uploads/2021/05/lcd_screen_for_vivo_nex_2_vivo_nex_dual_screen_replacement_display_by_maxbhi_com_79768-300x300.jpg,Vivo NEX 2 Display LCD Screen Panel Frame,₨ 1.00
VIVO,https://bigpasal.com/wp-content/uploads/2021/05/lcd_screen_for_vivo_nex_s_replacement_display_by_maxbhi.com_5039-300x300.jpg,Vivo NEX S LCD Screen Display Panel,₨ 1.00
VIVO,https://bigpasal.com/wp-content/uploads/2021/05/lcd_with_touch_screen_for_vivo_s1_black_by_maxbhi_com_22057-300x300.jpg,Vivo S1 LCD with Touch Screen,₨ 1.00
VIVO,https://bigpasal.com/wp-content/uploads/2021/05/lcd_with_touch_screen_for_vivo_s1_pro_red_by_maxbhi_com_91038-300x300.jpg,Vivo S1 Pro LCD Mobile Display with Touch Screen,₨ 1.00
VIVO,https://bigpasal.com/wp-content/uploads/2021/05/lcd_with_touch_screen_for_vivo_v11_pro_black_by_maxbhi_com_21674-300x300.jpg,Vivo V11 Pro LCD Display with Touch Screen,₨ 1.00
VIVO,https://bigpasal.com/wp-content/uploads/2021/05/lcd_with_touch_screen_for_vivo_v11i_white_by_maxbhi_com_34172-300x300.jpg,Vivo V11i – Vivo V11 LCD with Touch Screen,₨ 1.00
VIVO,https://bigpasal.com/wp-content/uploads/2021/05/lcd_with_touch_screen_for_vivo_v15_black_by_maxbhi_com_18244-300x300.jpg,Vivo V15 LCD Display with Touch Screen,₨ 1.00
VIVO,https://bigpasal.com/wp-content/uploads/2021/05/v15pro-1-300x300.jpg,Vivo V15 Pro Display LCD with Touch Screen,₨ 1.00
VIVO,https://bigpasal.com/wp-content/uploads/2021/05/v15pro-300x300.jpg,Vivo V15 Pro LCD Display with Touch Screen,₨ 1.00
VIVO,https://bigpasal.com/wp-content/uploads/2021/05/lcd_with_touch_screen_for_vivo_v17_pro_black_by_maxbhi_com_307-300x300.jpg,Vivo V17 Pro LCD Display with Touch Screen,₨ 1.00
VIVO,https://bigpasal.com/wp-content/uploads/2021/05/lcd_with_touch_screen_for_vivo_v3_gold_by_maxbhi_com_98610-300x300.jpg,Vivo V3 Display LCD with Touch Screen,₨ 1.00
VIVO,https://bigpasal.com/wp-content/uploads/2021/05/lcd_with_touch_screen_for_vivo_v5_gold_by_maxbhi_com_72148-300x300.jpg,Vivo V5 LCD with Touch Screen,₨ 1.00
VIVO,https://bigpasal.com/wp-content/uploads/2021/05/lcd_with_touch_screen_for_vivo_v5s_black_by_maxbhi_com_33235-300x300.jpg,Vivo V5s LCD Display with Touch Screen,₨ 1.00
VIVO,https://bigpasal.com/wp-content/uploads/2021/05/lcd_with_touch_screen_for_vivo_v7_plus_gold_by_maxbhi_com_94264-300x300.jpg,Vivo V7 Plus LCD with Touch Screen,₨ 1.00
SONY,https://bigpasal.com/wp-content/uploads/2021/05/lcd_with_touch_screen_for_sony_ericsson_xperia_arc_s_lt18i_black_by_maxbhi_com_40901_3-1-300x300.jpg,Sony Ericsson Xperia Arc S LT18i LCD Display Touch Screen,₨ 1.00
SONY,https://bigpasal.com/wp-content/uploads/2021/05/lcd_with_touch_screen_for_sony_ericsson_xperia_arc_s_lt18i_black_by_maxbhi_com_40901_3-300x300.jpg,Sony Ericsson Xperia Arc S LT18i LCD with Touch Screen,₨ 1.00
SONY,https://bigpasal.com/wp-content/uploads/2021/05/lcd_with_touch_screen_for_sony_xperia_c_hspa_plus_c2305_white_by_maxbhi.com_72132-1-300x300.jpg,Sony Xperia C HSPA Plus C2305 Display LCD with Touch Screen,₨ 1.00
SONY,https://bigpasal.com/wp-content/uploads/2021/05/lcd_with_touch_screen_for_sony_xperia_c_hspa_plus_c2305_white_by_maxbhi.com_72132-300x300.jpg,Sony Xperia C2305 C HSPA Plus LCD with Touch Screen,₨ 1.00
SONY,https://bigpasal.com/wp-content/uploads/2021/05/lcd_with_touch_screen_for_sony_xperia_c3_dual_d2502_mint_by_maxbhi_com_45355-300x300.jpg,Sony Xperia C3 Display Dual D2502 LCD with Touch Screen,₨ 1.00
SONY,https://bigpasal.com/wp-content/uploads/2021/05/lcd_with_touch_screen_for_sony_xperia_c3_dual_d2502_black_by_maxbhi_com_76455-300x300.jpg,Sony Xperia C3 Dual D2502 LCD Display with Touch Screen,₨ 1.00
SONY,https://bigpasal.com/wp-content/uploads/2021/05/lcd_with_touch_screen_for_sony_xperia_c4_dual_black_by_maxbhi_com_93634-300x300.jpg,Sony Xperia C4 Dual Display LCD with Touch Screen,₨ 1.00
SONY,https://bigpasal.com/wp-content/uploads/2021/05/lcd_with_touch_screen_for_sony_xperia_c5_ultra_dual_black_by_maxbhi_com_29796-300x300.jpg,Sony Xperia C5 Ultra Dual Display LCD with Touch Screen,₨ 1.00
SONY,https://bigpasal.com/wp-content/uploads/2021/05/lcd_with_touch_screen_for_sony_xperia_e3_dualblack_by_maxbhi_com_84719-300x300.jpg,Sony Xperia E3 Dual LCD with Touch Screen,₨ 1.00
SONY,https://bigpasal.com/wp-content/uploads/2021/05/lcd_with_touch_screen_for_sony_xperia_e4_dual_black_by_maxbhi_com_16837-300x300.jpg,Sony Xperia E4 Display Dual LCD with Touch Screen,₨ 1.00
SONY,https://bigpasal.com/wp-content/uploads/2021/05/lcd-with-touch-screen-for-sony-xperia-c5-ultra-dual-black-complete-assembly-folder-maxbhi-6-7-1-1629-1-1-300x300.jpg,Sony Xperia E4g Dual Display LCD with Touch Screen,₨ 1.00
SONY,https://bigpasal.com/wp-content/uploads/2021/05/lcd_with_touch_screen_for_sony_xperia_m_black_by_maxbhi_com_36996-300x300.jpg,Sony Xperia M LCD with Touch Screen,₨ 1.00
SONY,https://bigpasal.com/wp-content/uploads/2021/05/lcd_with_touch_screen_for_sony_xperia_m2_dual_d2302_black_by_maxbhi_com_68972-300x300.jpg,Sony Xperia M2 dual D2302 LCD with Touch Screen,₨ 1.00
SONY,https://bigpasal.com/wp-content/uploads/2021/05/lcd_with_touch_screen_for_sony_xperia_m4_aqua_dual_white_by_maxbhi_com_28016-300x300.jpg,Sony Xperia M4 Aqua Dual LCD Display with Touch Screen,₨ 1.00
SONY,https://bigpasal.com/wp-content/uploads/2021/05/lcd_with_touch_screen_for_sony_xperia_m5_dual_black_by_maxbhi_com_33572-300x300.jpg,Sony Xperia M5 Dual Display LCD Phone Touch Screen,₨ 1.00
SONY,https://bigpasal.com/wp-content/uploads/2021/05/lcd_with_touch_screen_for_sony_xperia_r1_black_by_maxbhi_com_9273-300x300.jpg,Sony Xperia R1 Mobile Phone Display LCD Touch Screen,₨ 10.00
HONOR,https://bigpasal.com/wp-content/uploads/2021/05/lcd_with_touch_screen_for_huawei_honor_7a_black_by_maxbhi_com_15920-300x300.jpg,Honor 7A Display LCD with Touch Screen,₨ 1.00
HONOR,https://bigpasal.com/wp-content/uploads/2021/05/lcd_with_touch_screen_for_honor_7x_blue_by_maxbhi_com_15467-300x300.jpg,Honor 7X LCD Display with Touch Screen,₨ 1.00
HONOR,https://bigpasal.com/wp-content/uploads/2021/05/lcd_with_touch_screen_for_honor_8_lite_blue_by_maxbhi_com_46206-300x300.jpg,Honor 8 Lite LCD Display with Touch Screen,₨ 1.00
HONOR,https://bigpasal.com/wp-content/uploads/2021/05/lcd_with_touch_screen_for_honor_9_lite_blue_by_maxbhi_com_47356-300x300.jpg,Honor 9 Lite LCD Display with Touch Screen,₨ 1.00
HONOR,https://bigpasal.com/wp-content/uploads/2021/05/lcd_with_touch_screen_for_honor_9i_black_by_maxbhi_com_46772-300x300.jpg,Honor 9i Display LCD with Phone Touch Screen,₨ 1.00
HONOR,https://bigpasal.com/wp-content/uploads/2021/05/lcd_with_touch_screen_for_honor_9n_black_by_maxbhi_com_14132-300x300.jpg,Honor 9N LCD Display with Touch Screen,₨ 1.00
HONOR,https://bigpasal.com/wp-content/uploads/2021/05/lcd_with_touch_screen_for_huawei_honor_10_black_by_maxbhi_com_66695-300x300.jpg,Huawei Honor 10 Display LCD Folder Screen – Black,₨ 10.00
HONOR,https://bigpasal.com/wp-content/uploads/2021/05/lcd_with_touch_screen_for_huawei_honor_10_lite_black_by_maxbhi_com_35177-300x300.jpg,Huawei Honor 10 Lite LCD with Touch Screen – Black (display glass combo folder),₨ 10.00
HONOR,https://bigpasal.com/wp-content/uploads/2021/05/lcd_with_touch_screen_for_huawei_honor_4c_black_by_maxbhi_com_29328-300x300.jpg,Huawei Honor 4C Display LCD with Touch Screen,₨ 10.00
HONOR,https://bigpasal.com/wp-content/uploads/2021/05/lcd_with_touch_screen_for_huawei_honor_4x_black_by_maxbhi_com_14051-300x300.jpg,Huawei Honor 4X Display LCD with Touch Screen,₨ 10.00
HONOR,https://bigpasal.com/wp-content/uploads/2021/05/lcd_with_touch_screen_for_huawei_honor_5x_white_by_maxbhi_com_61728-300x300.jpg,Huawei Honor 5X Display LCD Touch Screen,₨ 10.00
HONOR,https://bigpasal.com/wp-content/uploads/2021/05/lcd_with_touch_screen_for_huawei_honor_6_black_by_maxbhi_com_40025-300x300.jpg,Huawei Honor 6 LCD Touch Screen Mobile Phone Display,₨ 10.00
HONOR,https://bigpasal.com/wp-content/uploads/2021/05/lcd_with_touch_screen_for_huawei_honor_6x_black_by_maxbhi_com_39476-300x300.jpg,Huawei Honor 6x LCD Display Touch Screen,₨ 10.00
HONOR,https://bigpasal.com/wp-content/uploads/2021/05/lcd_with_touch_screen_for_huawei_honor_7c_black_by_maxbhi_com_69149-300x300.jpg,Huawei Honor 7C LCD with Touch Screen – Black (display glass combo folder),₨ 10.00
HONOR,https://bigpasal.com/wp-content/uploads/2021/05/lcd_with_touch_screen_for_huawei_honor_7s_black_by_maxbhi_com_95027-300x300.jpg,Huawei Honor 7s LCD with Touch Screen – Black (display glass combo folder),₨ 10.00
HONOR,https://bigpasal.com/wp-content/uploads/2021/05/lcd_with_touch_screen_for_huawei_honor_8_pro_black_by_maxbhi_com_26100-300x300.jpg,Huawei Honor 8 Pro LCD Display Touch Screen,₨ 10.00
